Filename,Normalized Value
cleaned_20mV 20Hz_µA_1.csv,-0.01629054991166981
cleaned_20mV 20Hz_µA_2.csv,-0.010813528032445674
cleaned_20mV 20Hz_µA_3.csv,-0.0059822898599045556
cleaned_20mV 20Hz_µA_4.csv,-0.0026635269620529645
cleaned_20mV 20Hz_µA_5.csv,-0.0022763933115337864
cleaned_20mV 20Hz_µA_6.csv,-0.029079742099515228
cleaned_20mV 20Hz_µA_7.csv,-0.015188864807584433
cleaned_20mV 20Hz_µA_8.csv,0.025442346411557973
cleaned_20mV 20Hz_µA_9.csv,-0.017078208916823438
